Bucket,6
,MATH 1050
,MATH 1600
,MATH 1700
,MATH 1800
,MATH 2000
,MATH 2020
Bucket,1
,MATH 3108
,MATH 3109
,MATH 3202
,MATH 3204
,MATH 3208
,MATH 3209
,MATH 3303
,MATH 3404
,MATH 3602
,MATH 3603
,MATH 3606
,MATH 3702
Bucket,6
,MATH 1756
,MATH 1758
,MATH 1800
,MATH 2109
,MATH 2206
,MATH 2208
,MATH 2209
,MATH 2301
,MATH 2303
,MATH 2404
,MATH 2501
,MATH 2601
,MATH 2602
,MATH 2603
,MATH 2606
,MATH 2702
,MATH 2805
,MATH 3108
,MATH 3109
,MATH 3202
,MATH 3204
,MATH 3208
,MATH 3209
,MATH 3303
,MATH 3404
,MATH 3602
,MATH 3603
,MATH 3606
,MATH 3702